--创建示例用户
create user scott
       identified by tiger
       default tablespace users;
--授权       
grant connect,resource to scott;   

--需要重新登录

DROP TABLE EMP;
DROP TABLE DEPT;
DROP TABLE BONUS;
DROP TABLE SALGRADE;
DROP TABLE DUMMY;

--员工表
CREATE TABLE EMP(
       EMPNO NUMBER(4)  primary key,--员工编号
       ENAME VARCHAR2(10),--员工姓名
       JOB VARCHAR2(9),--职位
       MGR NUMBER(4) ,--上级领导编号
       HIREDATE DATE,--入职日期
       SAL NUMBER(7, 2),--工资
       COMM NUMBER(7, 2),--补贴
       DEPTNO NUMBER(2) --references DEPT(DEPTNO)
);

INSERT INTO EMP VALUES
        (7369, 'SMITH',  'CLERK',     7902,
        TO_DATE('17-12-1980', 'DD-MM-YYYY'),  800, NULL, 20);
INSERT INTO EMP VALUES
        (7499, 'ALLEN',  'SALESMAN',  7698,
        TO_DATE('20-2-1981', 'DD-MM-YYYY'), 1600,  300, 30);
INSERT INTO EMP VALUES
        (7521, 'WARD',   'SALESMAN',  7698,
        TO_DATE('22-2-1981', 'DD-MM-YYYY'), 1250,  500, 30);
INSERT INTO EMP VALUES
        (7566, 'JONES',  'MANAGER',   7839,
        TO_DATE('2-4-1981', 'DD-MM-YYYY'),  2975, NULL, 20);
INSERT INTO EMP VALUES
        (7654, 'MARTIN', 'SALESMAN',  7698,
        TO_DATE('28-9-1981', 'DD-MM-YYYY'), 1250, 1400, 30);
INSERT INTO EMP VALUES
        (7698, 'BLAKE',  'MANAGER',   7839,
        TO_DATE('1-5-1981', 'DD-MM-YYYY'),  2850, NULL, 30);
INSERT INTO EMP VALUES
        (7782, 'CLARK',  'MANAGER',   7839,
        TO_DATE('9-6-1981', 'DD-MM-YYYY'),  2450, NULL, 10);
INSERT INTO EMP VALUES
        (7788, 'SCOTT',  'ANALYST',   7566,
        TO_DATE('09-12-1982', 'DD-MM-YYYY'), 3000, NULL, 20);
INSERT INTO EMP VALUES
        (7839, 'KING',   'PRESIDENT', NULL,
        TO_DATE('17-11-1981', 'DD-MM-YYYY'), 5000, NULL, 10);
INSERT INTO EMP VALUES
        (7844, 'TURNER', 'SALESMAN',  7698,
        TO_DATE('8-9-1981', 'DD-MM-YYYY'),  1500,    0, 30);
INSERT INTO EMP VALUES
        (7876, 'ADAMS',  'CLERK',     7788,
        TO_DATE('12-1-1983', 'DD-MM-YYYY'), 1100, NULL, 20);
INSERT INTO EMP VALUES
        (7900, 'JAMES',  'CLERK',     7698,
        TO_DATE('3-12-1981', 'DD-MM-YYYY'),   950, NULL, 30);
INSERT INTO EMP VALUES
        (7902, 'FORD',   'ANALYST',   7566,
        TO_DATE('3-12-1981', 'DD-MM-YYYY'),  3000, NULL, 20);
INSERT INTO EMP VALUES
        (7934, 'MILLER', 'CLERK',     7782,
        TO_DATE('23-1-1982', 'DD-MM-YYYY'), 1300, NULL, 10);
INSERT INTO EMP VALUES
        (9257, 'HUA''AN', 'CLERK',     7839,
        TO_DATE('23-1-1985', 'DD-MM-YYYY'), 1300, NULL, NULL );
INSERT INTO EMP VALUES
        (8526, 'QIU''XIANG', 'ANALYST',     7839,
        date'2021-10-19', 1400, NULL, NULL );
        
--部门表-
CREATE TABLE DEPT(
       DEPTNO NUMBER(2) primary key,
       DNAME VARCHAR2(14),
       LOC VARCHAR2(13)
);

INSERT INTO DEPT VALUES (10, 'ACCOUNTING', 'NEW YORK');
INSERT INTO DEPT VALUES (20, 'RESEARCH',   'DALLAS');
INSERT INTO DEPT VALUES (30, 'SALES',      'CHICAGO');
INSERT INTO DEPT VALUES (40, 'OPERATIONS', 'BOSTON');

--补贴
CREATE TABLE BONUS(
       ENAME VARCHAR2(10) ,
       JOB   VARCHAR2(9),
       SAL   NUMBER,
       COMM  NUMBER
);

--工资等级
CREATE TABLE SALGRADE(
       GRADE NUMBER  primary key,
        LOSAL NUMBER,
        HISAL NUMBER
);

INSERT INTO SALGRADE VALUES (1,  700, 1200);
INSERT INTO SALGRADE VALUES (2, 1201, 1400);
INSERT INTO SALGRADE VALUES (3, 1401, 2000);
INSERT INTO SALGRADE VALUES (4, 2001, 3000);
INSERT INTO SALGRADE VALUES (5, 3001, 9999);

--伪装（测试表）
CREATE TABLE DUMMY
        (DUMMY NUMBER);

INSERT INTO DUMMY VALUES (0);

COMMIT;


